Parameter,Count
A1960,1
COLOCNTY_I,1
CNTY,1
Shape__Length,63
ACRES,3
NAMES2,1
COLOCNTY_,1
SQ_MI,3
A1980,1
AREA,5
REGION,5
Shape__Area,47
NAME,21
A2000,1
FID,11
PERIMETER,4
A1990,1
A1970,1
TractUnemploymentRate,1
ID,6
CountyPerCapitaIncome,1
CountySub_Population2017,1
TRACT,3
BlockGroup_Population2022,1
GCFLG,1
BlockGroup_Population2017,1
ParentTractGEOID,1
PLACECC,2
BlockGroup_UnemploymentRate,1
OBJECTID,94
POP100,5
STATE,15
Place_UnemploymentRate,1
CountySub_Population2022,1
ObjID,4
TractPopulationGrowthRate,1
SUFFIX,2
PerCapitaIncomeBenchmark,1
CountyPopulationGrowthRate,1
QualifyingLevel,1
TractPerCapitaIncome,1
BASENAME,5
CountyQualifies,1
SB24190County,1
StatePerCapitaIncome,1
Place_Population2022,1
BLKGRP,2
BLOCK,2
COUSUBNS,2
INTPTLON,6
POP_2022,1
FUNCSTAT,6
INTPTLAT,6
PopulationGrowthBenchmark,1
POP_2017,1
UR,2
CountySub_UnemploymentRate,1
COUNTY_NAME,3
SB24190Qualifies,1
AREAWATER,4
CENTLAT,4
StatePopulationGrowth,1
OBJECTID_1,3
PLACE,2
COUSUBCC,2
COUNTY,11
CountyUnemploymentRate,1
GEOID,7
BlockGroup_PerCapitaIncome,1
CountySub_PerCapitaIncome,1
CountySub_PopGrowthRate,1
BlockGroup_PopGrowthRate,1
PLACENS,2
COUSUB,2
LWBLKTYP,1
Place_Population2017,1
Place_PopGrowhRate,1
CENTLON,4
LSADC,4
MTFCC,5
HU100,5
StateUnemploymentRate,1
Place_PerCapitaIncome,1
UnemploymentBenchmark,1
AREALAND,5
QualifiesBasedOnAll3,1
ORG_OID,1
RuleID,1
snowshoe,1
AREAID,1
SqMilesGIS,1
BSGMU,1
d_WINTER_S,1
d_TYPE_DET,1
GMUID,2
feature_id,1
highway_ve,1
place_id_1,1
fee,2
surface,2
snowmobile,1
TempDetail,1
dogs,1
MGGMU,1
PARK_ID,1
atv,1
name_1,1
place_id_2,1
name,4
COLL_DATE,1
ManagedPub,1
d_HANDI_AC,1
COVERLABEL,1
EDIT_DATE,3
Comments,3
PropType,2
bathrooms,1
hiking,1
COMMENTS,4
d_ohv_gt_5,1
ROAD_NAME,1
CLOSEDATE,1
DAU_NAME,1
LastUpdate,1
seasonalit,1
seasonal_3,1
CPW_NAME,1
BigGame,1
DISTRICTNA,1
TYPE_DETAI,1
CONDITION,2
trail_nu_1,1
FAC_TYPE,2
ohv_gt_50,1
motorcycle,1
place_id,1
url,12
groomed,1
AcresGISCa,1
groomer_ur,1
d_SOURCE,1
FAC_ID,2
URL,2
type,2
d_CONDITIO,1
ELKDAU,2
HUNTING,1
BufferDist,2
d_VEH_TYPE,1
d_motorcyc,1
access,2
GlobalID,14
oneway,1
Input_Date,1
d_FAC_TYPE,1
d_Snowmobi,1
BSDAU,1
d_SURFACE,1
place_id_3,1
SYM_CHAR,1
VEH_TYPE,1
COVER,1
d_bike,1
MGMT_AUTH,1
SITE_COUNT,1
PHOTO,1
manager,1
ROAD_AKA,1
trail_num_,1
Snowmobile,1
ski,1
WINTER_STA,1
d_PARK_NAM,1
WIDTH_FT,1
SEG_LEN_MI,1
d_dogs,1
RuleID_2,1
GMU_NAME,1
water,1
DWM,1
winter_act,1
d_surface,1
RSCPHONE,1
plowed,1
ST_ADDRESS,1
INPUT_DATE,3
d_hiking,1
CPW_URL,1
DEERDAU,2
DISTRICTID,2
d_PARK_ID,1
d_ROAD_TYP,1
d_PROP_TYP,1
RuleID_HC,1
COUNT_TYPE,1
name_2,1
MGDAU,1
ANTDAU,2
FAC_NAME,2
BEARDAU,2
d_horse,1
horse,1
AWM,1
d_MGMT_AUT,1
UpdateComm,2
SOURCE,7
seasonal_2,1
Shape_Leng,5
name_3,1
d_SYM_CHAR,1
max_elevat,1
trail_num,1
d_PropType,1
d_oneway,1
RSC,1
LabelTxt,1
length_mi_,1
AREA_ID,1
min_elevat,1
Species_Ac,2
d_highway_,1
MGGMUNAME,1
HANDI_ACCE,1
Gold_Medal,1
WATERNAME,1
TrailGUID,1
alt_name,1
Acres,2
LIONDAU,2
bike,1
MOOSEDAU,2
seasonal_1,1
AREAPHONE,1
trail_num1,1
Activity_C,2
PROP_TYPE,2
PROPNAME,1
RuleID_1,1
d_atv,1
PropName,2
UGC,1
ETN,1
UTC_EXPIRE,1
UTC_ISSUE,1
WFO,1
WFILE,1
StreetPostDirectional,1
Category,1
State,6
PlaceName,1
District,3
FullZipCode,1
SubAddress,1
StreetPreDirectional,1
Longitude,8
AnchorName,1
County,6
StreetName,1
NumberSuffix,1
Intersection,1
OITChecked2017,1
OITIndex,1
FullAddress,2
LBCSCode,1
AddressNumber,1
Latitude,8
StreetPostType,1
StreetPreType,1
CAICategory,1
PO_NAME,2
TRACT_FIPS,2
FIPS,8
STCOFIPS,3
STATE_FIPS,6
POP20_SQMI,2
STATE_NAME,7
STATE_ABBR,6
BLOCKGROUP_FIPS,2
POP_SQMI,5
COUNTY_FIPS,5
POPULATION,7
POPULATION_2020,2
ZIP_CODE,2
SQMI,7
MILES,2
TOFRANODE,1
COUNTRY,1
STCNTYFIPS,1
NET,1
FRAARCID,1
STRACNET,1
TRKRGHTS6,1
FRFRANODE,1
PASSNGR,1
RROWNER1,1
TRKRGHTS3,1
TRKRGHTS9,1
STATEAB,1
STFIPS,2
TRKRGHTS7,1
TRKRGHTS5,1
KM,1
BRANCH,1
YARDNAME,1
TRKRGHTS1,1
FRADISTRCT,1
RROWNER3,1
TIMEZONE,1
TRKRGHTS2,1
CNTYFIPS,1
RROWNER2,1
TRKRGHTS8,1
TRACKS,1
TRKRGHTS4,1
DIVISION,2
SUBDIV,1
Area_sqmi,2
Name,5
Label,3
Area_acres,1
stationurl,1
graphurl,1
flowurl,1
flow_cfs,1
stationid,1
status,1
org,1
lastupdate,11
lastupdate_age,1
statusClass,1
governing_location,1
stageurl,1
stage_ft,1
mail_state,10
lgtypeid,10
SHAPE__Area,11
lgid,10
mail_address,10
mail_city,10
source,10
mail_zip,10
prev_name,10
lgstatusid,10
abbrev_name,10
alt_address,10
SHAPE__Length,11
lgname,10
CostCenter,1
ORGNAME,1
RSL_TYPE,1
ORGCODE,1
FWSREGION,1
LIT,1
IntReg,1
TJ,1
M___P,1
Pp__5,1
Wl__P,1
Cnt_N,1
Envrnmnt_3,1
Lw_b_,1
E___P,1
Prcn_,1
Ds____PM_,1
P__R_M_P__,1
Sn_P_S,1
Prx___,1
HCBFlag,1
T_____,1
D____PM__,1
Mnt__,1
P__N_P_L__,1
LEPFlag,1
Drn__,1
Drght,1
EnS_S,1
Hr___,1
Envrnmnt_1,1
Ld___P,1
Cn__P,1
POCFlag,1
Drg_P,1
Hl__S_F_S,1
Prxmty_t_2,1
ESFlag,1
Ar_t_,1
Ar___P,1
Prcnt_lw_,1
Im___,1
F___P,1
Noise,1
Pr__N_P_L_,1
Ld_x_,1
Ozn_P,1
P__C_B_S_P,1
O___P,1
Ast__,1
Cl_V_S,1
Tr____,1
Prx____P,1
Pp__64,1
Wst__,1
P__5_,1
Justice40F,1
Prcnt_ln__,1
Fn_p_,1
Lf_xp,1
DIType,1
Prxmty_t_l,1
Lf__P,1
Prxmty_t_h,1
ES_S_,1
Dbts_,1
Pl__C_B_S,1
H____,1
Pr__R_M_P_,1
I____,1
Hsn__,1
Dmg_S,1
H___P,1
Prxmty_t_1,1
Cncr_,1
D___P,1
Oth__,1
As___P,1
Lw___P,1
Prc___,1
LIFlag,1
Ns_Pr,1
S_P_S_,1
Fldpl,1
W___P,1
Prcnt_ln_,1
Ozone,1
Pr_____,1
C_V_S_,1
D_S_P,1
Ext__,1
Ttl_P,1
Sqmiles,1
H__S_F_S_P,1
Db__P,1
Wldf_,1
P__64_,1
Prcnt_lw__,1
Fld_P,1
Prc____P,1
Pr__P,1
Envrnmnt_2,1
Envrnmntl_,1
D_I_C,1
P______,1
LOCATION,2
C,2
SAPOBJTYPE,2
Y2___Regnl_Safety_Officer,1
Commission_District,1
CDOT_TPR,1
Class,1
Str,1
Inlet_Type,1
last_edited_date,2
PG,2
EndRefPt,2
GISLink,1
SAPSTATUS,1
Maint_Plant,1
Power_Source,1
Length,1
CulvertLength_Ft,1
Main_Work_Center,1
Zone_ID,2
Y3___Area_Supervisor,1
City,8
created_date,2
SAPOBJNR,1
LRPID,1
FLOC,1
Sizedimension,1
Cost_Center,1
Y6___Sect_Office_Mgr,1
Work_Center,1
Orientation,1
Hwy_Cat,1
PlPl,1
created_user,2
SUPFLOC,1
Drain_Material,1
Maintenance_Section,2
Date_,1
Patrol,2
Y8___Sect_Haz_Mat_Co_ord,1
Y5___Sect_Maint_Supt,1
Model_number,1
BoxHeight_Inches,1
Trash_Barrier,1
ConY,1
Class_Type,1
Functional_Location,1
Start_from,1
Acquisition_Value,1
Drain_Type,1
IDENTIFIER,3
Inventory_number,1
BoxWidth_Inches,1
Traffic_Section,2
Joint_Operation_Area,1
Manufacturer_of_asset,1
Maintenance_Supervisor_Area,2
Route,2
Y9___Sect_Prop_Mgr,1
MPO_ID,1
MS4_Area,1
Diameter_Inches,1
ObjectType,1
Outlet_Type,1
MDnoteID,1
MEAS,1
Pump,1
last_edited_user,2
RefPt,2
Condition,1
Description_of_functional_locat,1
Manhole,1
Traffic_Supervisor_Area,1
Region,4
OWNER,2
CITY,9
FACILITY,1
ELEV_FEET,1
DEPARTURES,1
PASSENGERS,1
FAA_ID,1
ENPLANEMEN,1
TOWER,1
ARRIVALS,1
INTL,1
Phone,1
Highway,8
Mile_Post,5
X_LONG,1
Y_LAT,1
BegRefPoint,4
Direction,9
Port_Name,1
EndRefPoint,8
HighwayNumber,8
Status_as_of_July_2023,1
RuralJumpStartClassification,1
F2022_OMB_Delineation,1
Zip,3
CurrentExpirationDate,1
District_Name,1
Qualified_by_Income_,1
CoalTransitionCommunityName,1
F2021_State_Unemployment_Ratio,1
OBJECTID_12,3
Status_as_of_January_2018,1
F2021_Median_Household_Income_R,1
F2021_Status__Previous_,1
cityname,2
Qualified_by_Unemplyoment_,1
Street_Address,2
County_Name,2
CountyFIPSCode,1
F2021_US_Unemployment_Ratio,1
Status_as_of_July_1__2023,1
CoalTransitionClassification,1
Classification,1
MainStreetTier,1
County_Code,1
Qualified_by_DDA_,1
Change_,1
x_long,1
y_lat,1
Restriction,2
RestrictionGuidelines,4
Exception,2
link,2
Agency,3
unit_name,2
gridcode,1
Link_Type,1
PotentialO,1
Habitat,1
RangeTypeD,1
Hectares,1
SqKm,1
Type,1
Descriptio,1
Id,1
LastReleas,1
SqMiles,1
HU_12_NAME,1
POLY_AREA,2
LastObserv,1
UTMX,1
ACTIVITYCO,1
STATUS,2
UTMY,1
CHAT_Score,1
WATERSHED,1
Note,1
Shape_STAr,1
Population,1
FirstRelea,1
Shape_STLe,1
Species,1
Location,2
BeginRefPoint,4
Area,2
Exceptions,1
Time,2
City_Requirements,1
LVC_Designated_Route,1
SHAPE_Leng,1
route_sort_order,1
route_long_name,1
route_short_name,1
network_id,1
route_desc,1
feed_start_date,2
continuous_pickup,1
agency_name,2
route_id,1
route_url,1
continuous_drop_off,1
agency_id,2
feed_end_date,2
route_text_color,1
route_color,1
route_type,1
RouteId_Legacy,1
USRMODNAME,1
SYSMODDATE,1
RH_TODATE,1
USRCRENAME,1
SYSCREDATE,1
RH_FROMDATE,1
fromdate,2
todate,2
label,2
category,1
RAIL_I,1
WEBSITE,4
BUS_T,1
NEAR_ID_3,1
MODES_SERV,1
LATITUDE,5
DATE_UPDTE,1
I_SERVICE,1
FERRY_CODE,1
NEAR_ID_2,1
CBSA_TYPE,1
FERRY_I,1
AMTRAKCODE,1
AIR_CODE,1
AIR_CODE2,1
RAIL_LIGHT,1
METRO_AREA,1
BUS_CODE_S,1
POINT_LON,1
BIKE_ID,1
BUS_SUPP,1
MODE_BUS,1
POINT_ID,1
Y,2
X,2
RAIL_ID,1
ADDRESS,4
POINT_LAT,1
T_SERVICE,1
MODE_RAIL,1
MODE_AIR,1
BIKE_SYS,1
FERRY_T,1
CBSA_CODE,1
BIKE_SHARE,1
MODE_FERRY,1
ZIPCODE,2
NOTES,1
NEAR_ID_1,1
BIKE_SYS_ID,1
RAIL_C,1
MODE_BIKE,1
RAIL_H,1
LONGITUDE,4
BUS_I,1
AIR_SERVE,1
cov_type,1
serve_status,1
max_advertised_upload,1
brand_name,1
draw_order,1
max_advertised_download,1
EndRefPoin,2
HighwayNum,2
Shape__Len,2
Restrictio,1
BegRefPoin,1
HIghway,1
Address_Full,1
Facility_Name,1
Source,3
Facility_Type_Code,1
Facility_Type_Detail,1
Licensed_Beds_Total,1
Operating_Status,1
CDPHE_HFEMS_Licensed,1
Facility_Type_Abbreviation,1
Facility_ID,1
Date_Data_Updated,1
Facility_Type,3
Telephone,1
Map_Symbol,1
ROUTE,2
Minimum_Clearance_inches,1
Max_Clearance,1
Maximum_Clearance__inches_,1
Highway_Type_and_Number,1
Maximum_Clearance_Ft,1
Bridge_Name,1
Highway_Number,1
Bridge_Key_Bridge_ID,1
Feature_intersected,1
Height_Category,1
Begin_Ref_Point,1
Sort_Field,1
Minimum_Clearance_ft,1
Mile_Post__numeric_,1
Min_Clearance,1
Minimum_Clearance__inches_,1
Maximum_Clearance_Inches,1
End_Ref_Point,1
city,3
mem_status,1
objectid,1
census_id,1
sq_mi,1
AdminBody,1
Perim_mi,1
Yr_Approve,1
OUTBLDG,1
CENSUSCODE,1
REMARKS,1
PROP_ST,1
SQFEET,1
PROP_ADDR,1
OCC_CLS,1
BUILD_ID,1
PROD_DATE,1
SEC_OCC,1
IMAGE_NAME,1
VAL_METHOD,1
L_ADJ_ELEV,1
PROP_CITY,1
UUID,1
USNG,1
HEIGHT,2
PROP_ZIP,1
IMAGE_DATE,1
H_ADJ_ELEV,1
PRIM_OCC,1
SQMETERS,1
COUNTY_1,1
ADMINCLASS,1
CDOTSEG,1
PAVEWIDTH,1
NETWORKID,1
SURFACE,1
ROADNUMBER,1
PAVEAGE,1
ROADNAME,1
FHWAFUNC,1
DIR,1
ONEWAY,1
PLATNAME,1
LENGTHFT,1
ROWWIDTH,1
LENGTHMI,1
SPEEDLIMIT,1
PLATNO,1
FROMROAD,1
TOROAD,1
LANES,1
MineStatus,1
Comment,1
AreaReported,1
PermittingAction,1
MineName,1
MinePermitID,1
SumOfNHOTHER18,2
SumOfMULTI18,2
PARTY,3
SumOfOTHER18,2
SumOfNHWHITE,2
LAST_NAME,3
SumOfHISPANIC,2
SumOfVACANT,2
SumOfTOTALPOP,2
SumOfNHPI18,2
SumOfASIAN18,2
SumOfWHITEALONE,2
CHAMBER,2
SumOfNHOTHER,2
SumOfBLACK18,2
SumOfPOP18,2
SumOfHOUSEUNIT,2
SumOfNHASIAN,2
SumOfNHASIAN18,2
SumOfOCCUPIED,2
SumOfPI18,2
SumOfNHAMERI18,2
SumOfNHBLACK,2
SumOfAMERI18,2
CAPITOL_PHONE,2
SumOfNOTHISP18,2
SumOfNHMULTI,2
SumOfBLACKALONE,2
SumOfASIANALONE,2
SumOfAMERIALONE,2
SumOfNHWHITE18,2
SumOfMULTIALONE,2
SumOfNOTHISP,2
SumOfNHBLACK18,2
FIRST_NAME,2
EMAIL,3
MEMBER_PICTURE,2
SumOfNHMULTI18,2
SumOfOTHERALONE,2
SumOfNHAMERI,2
SumOfHISP18,2
SumOfPIALONE,2
SumOfWHITE18,2
SumOfNHPI,2
MIN_OP_NETWORK,1
ACTIVATION_DATE,1
TRNS_STRG_BUOY_FLAG,1
ACREAGE,1
COMPUTER_ID,1
DIRECTION_CODE,1
LAT_SEC,1
LONG_MIN,1
FAR_139_TYPE_CODE,1
SITE_NO,2
MAG_VARN_YEAR,1
TRNS_STRG_HGR_FLAG,1
TRNS_STRG_TIE_FLAG,1
FSS_NAME,1
OWNERSHIP_TYPE_CODE,2
LONG_SEC,1
LAT_HEMIS,1
LONG_DECIMAL,1
NOTAM_FLAG,1
COUNTY_ASSOC_STATE,1
ARPT_STATUS,1
LAST_INFO_RESPONSE,1
ICAO_ID,1
ARPT_ELEV_SOURCE,1
PHONE_NO,1
LNDG_FEE_FLAG,1
MAG_HEMIS,1
BCN_LENS_COLOR,1
SURVEY_METHOD_CODE,1
SITE_TYPE_CODE,2
DIST_CITY_TO_AIRPORT,1
CTA,1
ELEV_METHOD_CODE,1
ELEV,1
ELEVATION_SRC_DATE,1
FAR_139_CARRIER_SER_CODE,1
USER_FEE_FLAG,1
FSS_ID,1
LNDG_RIGHTS_FLAG,1
LAT_DEG,1
CUST_FLAG,1
REGION_CODE,1
LGT_SKED,1
TWR_TYPE_CODE,1
COUNTRY_CODE,2
FACILITY_USE_CODE,2
ARFF_CERT_TYPE_DATE,1
TOLL_FREE_NO,1
BULK_OXY_TYPE,1
WIND_INDCR_FLAG,1
AIRFRAME_REPAIR_SER_CODE,1
SEG_CIRCLE_MKR_FLAG,1
MEDICAL_USE_FLAG,1
STATE_CODE,2
ALT_FSS_NAME,1
INSPECT_METHOD_CODE,1
INSPECTOR_CODE,1
ARPT_PSN_SOURCE,1
LONG_HEMIS,1
NOTAM_ID,1
POSITION_SRC_DATE,1
FSS_ON_ARPT_FLAG,1
LAT_DECIMAL,1
TPA,1
CHART_NAME,1
JOINT_USE_FLAG,1
EFF_DATE,2
BOTTLED_OXY_TYPE,1
ALT_FSS_ID,1
FUEL_TYPES,1
LAST_INSPECTION,1
CONTR_FUEL_AVBL,1
LAT_MIN,1
NASP_CODE,1
BCN_LGT_SKED,1
ADO_CODE,1
OTHER_SERVICES,1
PWR_PLANT_REPAIR_SER,1
LONG_DEG,1
ARPT_NAME,2
ALT_TOLL_FREE_NO,1
MAG_VARN,1
ARTCC_NAME,1
MIL_LNDG_FLAG,1
RESP_ARTCC_ID,1
ASP_ANLYS_DTRM_CODE,1
ARPT_ID,2
RWY_WIDTH,1
RWY_LEN,1
DTRM_METHOD_CODE,1
LAT2_DECIMAL,1
PAVEMENT_TYPE_CODE,1
GROSS_WT_DDTW,1
TIRE_PRES_CODE,1
COND,1
GROSS_WT_DW,1
GROSS_WT_SW,1
LONG1_DECIMAL,1
LONG2_DECIMAL,1
RWY_LEN_SOURCE,1
RWY_ID,1
PCN,1
TREATMENT_CODE,1
LENGTH_SOURCE_DATE,1
GROSS_WT_DTW,1
RWY_LGT_CODE,1
SUBGRADE_STRENGTH_CODE,1
LAT1_DECIMAL,1
SURFACE_TYPE_CODE,1
COUNTYFP,1
Certified,1
AWATER,2
NAMELSAD,1
Nominated,1
GEOID_1,1
STATEFP,1
ALAND,2
TRACTCE,1
Period,1
Interval,1
Temp,1
ROUTE_SCDNDRY_NM,1
PLAN_SEASON_RSTRCT_CODE,1
FAMS_SEG_NM,1
PLAN_ALLOW_MODE_TRNSPRT,1
BLM_MILES,1
TMP_ID,1
PLAN_ACCESS_RSTRCT,1
OBSRVE_MODE_TRNSPRT,1
EXSTNG_AUTH_CODE,1
PLAN_PRMRY_ROUTE_MNGT_OBJTV,1
PLAN_ASSET_CLASS,1
FLTP_CODE,1
NEPA_DOC_NUM,1
MODIFY_DATE,1
TMA_ID,1
PLAN_MODE_TRNSPRT,1
ROUTE_SCNDRY_NUM,1
ROUTE_PRMRY_NUM,1
OBSRVE_ROUTE_USE_CLASS,1
PLAN_ADD_MODE_TRNSPRT_RSTRT_CD,1
SERIAL_NUM,1
ROUTE_SPCL_DSGNTN_TYPE,1
CREATE_BY,1
Shape,1
PLAN_OHV_ROUTE_DSGNTN,1
FAMS_ID,1
GIS_MILES,1
OBSRVE_FUNC_CLASS,1
FAMS_LOC_NUM,1
OHV_DSGNTN_LIM_EXPLAIN,1
ADMIN_ST,1
FLAP_CODE,1
ROUTE_SCNDRY_SPCL_DSGNTN_NM,1
SCNC_HSTRC_BYWY_NM,1
DESCRIPTION,1
ROUTE_PLAN_ID,1
ROUTE_PRMRY_NM,1
DSTRBTE_EXTRNL_CODE,1
MODIFY_BY,1
CREATE_DATE,1
OBSRVE_SRFCE_TYPE,1
ADM_UNIT_CD,1
PLAN_ROUTE_DSGNTN_AUTH,1
Shape.STLength(),1
OHV_ROUTE_DSGNTN_LIM,1
DeltaDir,1
WindDir,1
IntervalStart,1
DeltaSpeed,1
DeltaGust,1
WindSpeed,1
WindGust,1
AREA_CODE,1
UTC_DATETIME,1
HAIL_SIZE,1
F_SCALE,1
OFFICE,1
MEASUREMENT,1
INCIDENT_TYPE,1
MAGNITUDE,1
INCIDENT_CODE,1
INCIDENT_DATETIME,1
INJURIES,1
FATALITIES,1
SPEED,1
HOURS_OLD,1
ISSUANCE,1
NETWORK_NAME,1
MOW_EQ,1
DBH_LOW,1
PD_JURIS,1
TOP_WIDTH,1
LOT_STRUC,1
FUNDER,1
OWN_TYPE,1
LABEL2,1
TAG_VALUE,1
CONTRIBUTORUID,1
LABEL_LATIN_LANG,1
SAMPLE_ID,1
CONTRIBUTIONUID,1
YR_BLT,1
BLDG_TYPE,1
RIV_TYPE,1
LABEL_LATIN,1
TREE_ZONE,1
DBH,1
TYPE,1
GPS_DATE,1
DAM_MATRL,1
GID,1
BLDG_NUM,1
START_GL,1
FTPT_SQFT,1
DUPLICATE_LABEL2,1
SPECIES,1
LABEL_LOCAL,1
END_GL,1
EDGE_TYPE,1
CONTRIBUTORVIZ,1
SUBZONE,1
END_IL,1
SECTION_TO,1
CHNL_TYPE,1
STR_NAME,1
GRND_ZONE,1
OBJ_VERIFY,1
DUPLICATE_LOCAL,1
LASTUPDATE,1
BIKE_LANE,1
BLDG_ADDRE,1
END_INT,1
DAM_TYPE,1
CMBD_ID,1
LABEL_LOCAL_LANG,1
BLDG_NAME,1
BLDG_GSF,1
GRADIENT,1
TREE_DEPT,1
ADMIN0_NAME,1
END_NODE,1
YR_ACQ,1
TREE_ID,1
SECTION_ID,1
SURVEY_2018,1
DBH_HIGH,1
LENGTH,2
SEG_OWNER,1
BLDG_CODE,1
TOOLVERSION,1
CARTO,1
GENUS_SPECIES,1
ADMIN1_NAME,1
CHNL_DEPTH,1
SOURCEFEATUREID,1
SEVERITY,1
START_NODE,1
ZONE,2
DELIVERYUID,1
DATASOURCENAME,1
SEG_SURF,1
CHNL_MATRL,1
SOURCEID,1
EDITCOMMENTS,1
STR_RNAME,1
LICENSEDVIZ,1
ESRIEDITCOMMENTS,1
FEATUREUID,1
FUNDING,1
NOTEABLE,1
LINK,1
AREA_TYPE,1
SEG_TYPE,1
START_IL,1
LASTESRIUPDATE,1
GLOBALID,2
STR_CODE,1
PANEL_ID,1
SEG_CLASS,1
LASTESRIEDITOR,1
STRUC_TYPE,1
STORM_DAMAGE,1
SEG_DIREC,1
FUNC_STAT,1
LON,1
GRND_TYPE,1
MAINT,1
GENUS,1
TREE_OWNER,1
START_INT,1
SPREAD,1
PROP_ZONE,1
BRANCH_NAME,1
BTM_WIDTH,1
SEG_JURIS,1
BRANCH_ID,1
LABEL_ENG,1
LABEL_LOCAL_LANGGROUP,1
BLDG_HEIGHT,1
SEG_WIDTH,1
SECTION_FROM,1
GPS_HEIGHT,1
EXCPFLAG,1
LASTEDITOR,1
TREE_FUND,1
GF_PCT,1
CHNL_ID,1
LAT,2
TREE_TYPE,1
INSTALL_YR,1
CM_TYPE,1
NETWORK_ID,1
PVR_TYPE,1
TXTFLAG,1
DEPT,1
SELECTIONPRIORITY,1
INTFLAG,1
AWATERHIST,1
ALANDHIST,1
STGEOMETRY_LEN,1
VINTAGE,1
ZCTA5CC,1
EFFDATE,1
ESTABDATE,1
STGEOMETRY_AREA,1
ZCTA5,1
LENGTH_OF_LOCKS,1
FED_AGENCY_OPERATIONS,1
FOUNDATIONS,1
DAM_VOLUME,1
NUMBER_OF_LOCKS,1
NIDID,1
STATE_REGULATORY_AGENCY,1
NID_HEIGHT,1
NID_STORAGE,1
FED_AGENCY_INSPECTIONS,1
DESIGNER_NAMES,1
DISTANCE,1
HAZARD_POTENTIAL,1
FED_AGENCY_OWNERS,1
STATE_PERMITTING,1
DAM_HEIGHT,1
EAP_PREPARED,1
PURPOSES,1
NORMAL_STORAGE,1
STATE_ENFORCEMENT,1
NUMBER_ASSOCIATED_STRUCTURES,1
PRIMARY_SOURCE_AGENCY,1
FED_AGENCY_DESIGNERS,1
PRIMARY_OWNER_TYPE,1
ASSOCIATED_STRUCTURES,1
SPILLWAY_WIDTH,1
CORE_TYPES,1
STATE_FED_AGENCY,1
DATA_UPDATED,1
OTHER_NAMES,1
CONG_REPRESNTATIVE,1
DRAINAGE_AREA,1
FED_AGENCY_OTHERS,1
STRUCTURAL_HEIGHT,1
OTHER_STRUCTURE_ID,1
RIVER_OR_STREAM,1
STATE_JURISDICTION,1
HYDRAULIC_HEIGHT,1
MAX_STORAGE,1
DAM_LENGTH,1
DAM_TYPES,1
CONDITION_ASSESSMENT,1
SURFACE_AREA,1
INSPECTION_FREQUENCY,1
YEARS_MODIFIED,1
LAST_INSPECTION_DATE,1
EAP_LAST_REV_DATE,1
PRIMARY_DAM_TYPE,1
MAX_DISCHARGE,1
STATE_INSPECTION,1
FEDERAL_ID,1
WIDTH_OF_LOCKS,1
CONGDIST,1
PRIMARY_PURPOSE,1
STATE_REGULATED,1
NON_FED_ON_FED,1
COUNTYSTATE,1
FED_AGENCY_FUNDINGS,1
FED_AGENCY_REGULATORIES,1
CONDITION_ASSESS_DATE,1
SPILLWAY_TYPE,1
YEAR_COMPLETED,1
OWNER_TYPES,1
FED_AGENCY_CONSTRUCTIONS,1
OUTLET_GATES,1
County_Requirements,1
HWAV_ALRB,1
RESL_VALUE,1
RFLD_EALB,1
SOVI_SCORE,1
LNDS_HLRP,1
ISTM_EALP,1
HAIL_EALT,1
COUNTYFIPS,1
LTNG_AFREQ,1
HRCN_EALPE,1
ERQK_RISKV,1
HRCN_HLRP,1
HAIL_EXPPE,1
WNTW_EXPB,1
HRCN_EALA,1
AVLN_ALR_NPCTL,1
AVLN_EXPP,1
RFLD_EALA,1
LNDS_HLRB,1
TSUN_RISKV,1
TRND_RISKS,1
HAIL_EALP,1
WFIR_HLRB,1
CWAV_EXPB,1
DRGT_HLRR,1
VLCN_HLRB,1
WNTW_EALPE,1
RFLD_ALRB,1
EAL_VALT,1
HAIL_EXPA,1
EAL_VALB,1
TSUN_HLRR,1
ERQK_EALT,1
SWND_EXPPE,1
SWND_EXPB,1
WFIR_ALR_NPCTL,1
SWND_EALS,1
WFIR_EALPE,1
HRCN_EXPPE,1
LNDS_EALB,1
HWAV_EALA,1
SWND_HLRB,1
WFIR_RISKS,1
TRND_EXPT,1
CFLD_RISKV,1
LTNG_EXPPE,1
TSUN_HLRP,1
WFIR_EXP_AREA,1
AVLN_EXP_AREA,1
RFLD_ALRP,1
SWND_ALRP,1
CWAV_ALRA,1
RFLD_EALP,1
CFLD_EVNTS,1
DRGT_EALT,1
CWAV_RISKV,1
DRGT_AFREQ,1
CFLD_HLRR,1
HAIL_HLRR,1
WNTW_EXP_AREA,1
LNDS_EALP,1
TSUN_EALPE,1
EAL_SCORE,1
LNDS_EALPE,1
AVLN_ALRB,1
RFLD_ALRA,1
WNTW_EALB,1
TRND_HLRP,1
LTNG_RISKS,1
RESL_RATNG,1
ALR_VALB,1
AVLN_RISKR,1
CWAV_EVNTS,1
HAIL_EALR,1
TSUN_EXPB,1
ALR_NPCTL,1
CWAV_EXPP,1
HWAV_ALRP,1
WFIR_RISKR,1
ERQK_HLRB,1
TRND_RISKV,1
AVLN_EALB,1
TSUN_ALRB,1
VLCN_ALR_NPCTL,1
LTNG_ALR_NPCTL,1
ERQK_EXPP,1
EAL_VALP,1
TSUN_RISKR,1
SWND_ALRB,1
ERQK_RISKR,1
HRCN_EXPA,1
ALR_VRA_NPCTL,1
HWAV_HLRB,1
HWAV_AFREQ,1
WNTW_ALR_NPCTL,1
TRND_EXPPE,1
CFLD_EALP,1
ERQK_EALP,1
CWAV_EXPPE,1
LTNG_HLRR,1
LTNG_EXP_AREA,1
WFIR_EALS,1
RFLD_ALR_NPCTL,1
DRGT_ALR_NPCTL,1
HWAV_EXPPE,1
HRCN_HLRR,1
RISK_RATNG,1
TSUN_ALRP,1
HRCN_EXPT,1
HAIL_EXPP,1
CFLD_RISKS,1
WFIR_EALB,1
DRGT_EALA,1
TRACTFIPS,1
SWND_EXP_AREA,1
CWAV_ALRB,1
TRND_EALPE,1
RFLD_EXPT,1
AVLN_EALR,1
DRGT_RISKV,1
DRGT_EVNTS,1
CWAV_HLRP,1
LTNG_EXPP,1
LTNG_RISKV,1
RFLD_EALS,1
TRND_ALRB,1
ISTM_EXPT,1
CWAV_EXP_AREA,1
TSUN_EXPP,1
SWND_HLRP,1
DRGT_EXPT,1
TRND_AFREQ,1
TSUN_ALR_NPCTL,1
VLCN_RISKV,1
SOVI_RATNG,1
TRND_EVNTS,1
HWAV_EALR,1
HWAV_EALPE,1
DRGT_EXP_AREA,1
HWAV_RISKS,1
VLCN_EXPPE,1
CFLD_RISKR,1
VLCN_ALRP,1
CWAV_ALR_NPCTL,1
WNTW_RISKR,1
LNDS_ALRP,1
RFLD_EXPB,1
WNTW_EALT,1
HAIL_ALR_NPCTL,1
LNDS_EALT,1
HRCN_EXPB,1
LTNG_HLRB,1
CWAV_EXPT,1
RFLD_EXPA,1
WFIR_RISKV,1
AGRIVALUE,1
WNTW_HLRB,1
TRND_EALB,1
CFLD_ALRB,1
TSUN_EALS,1
TRND_ALR_NPCTL,1
CFLD_EALPE,1
HWAV_HLRR,1
HAIL_EXPT,1
TRND_EALR,1
HRCN_EALR,1
VLCN_EXPB,1
TRND_HLRA,1
LTNG_EXPB,1
HWAV_EALT,1
ISTM_EALR,1
LNDS_ALR_NPCTL,1
CWAV_RISKS,1
AVLN_EALS,1
LNDS_ALRB,1
HWAV_EXP_AREA,1
HRCN_ALRA,1
ISTM_RISKS,1
WNTW_HLRP,1
DRGT_HLRA,1
HRCN_AFREQ,1
HAIL_ALRB,1
HWAV_ALR_NPCTL,1
RFLD_HLRA,1
ALR_VALP,1
TRND_ALRA,1
HAIL_RISKV,1
DRGT_EALR,1
LTNG_RISKR,1
WFIR_EXPP,1
TRND_ALRP,1
VLCN_EXPT,1
HAIL_EALA,1
ISTM_RISKR,1
VLCN_HLRP,1
CRF_VALUE,1
LTNG_EVNTS,1
NRI_ID,1
HWAV_EALP,1
HRCN_ALRB,1
CWAV_EALPE,1
RFLD_EXP_AREA,1
RFLD_EXPP,1
WNTW_RISKS,1
LNDS_RISKV,1
ISTM_EXP_AREA,1
ISTM_ALR_NPCTL,1
WFIR_EALR,1
WFIR_ALRB,1
DRGT_RISKR,1
HAIL_RISKR,1
AVLN_HLRR,1
EAL_VALPE,1
CWAV_HLRR,1
STATEABBRV,1
HRCN_ALRP,1
HAIL_AFREQ,1
SWND_RISKS,1
HRCN_HLRB,1
CFLD_EALB,1
STATEFIPS,1
WFIR_ALRP,1
HAIL_EALS,1
VLCN_EVNTS,1
TRND_EXPA,1
SWND_HLRR,1
VLCN_ALRB,1
RFLD_AFREQ,1
VLCN_EALP,1
SWND_ALR_NPCTL,1
AVLN_AFREQ,1
ERQK_EVNTS,1
RESL_SCORE,1
AVLN_RISKV,1
LTNG_EALP,1
RFLD_RISKR,1
TSUN_AFREQ,1
TSUN_EALR,1
HRCN_EALB,1
LTNG_EALS,1
SWND_ALRA,1
SOVI_SPCTL,1
EAL_SPCTL,1
AVLN_EALP,1
TSUN_EVNTS,1
RFLD_HLRP,1
AVLN_EALT,1
WFIR_EXPPE,1
CWAV_EALA,1
SWND_RISKV,1
RISK_SCORE,1
HAIL_EVNTS,1
WNTW_ALRA,1
ISTM_EVNTS,1
TRND_HLRR,1
VLCN_EALB,1
HRCN_RISKS,1
SWND_EALPE,1
HAIL_HLRP,1
ERQK_EXPPE,1
HWAV_EALS,1
ERQK_HLRR,1
ISTM_EALPE,1
EAL_VALA,1
SWND_EXPT,1
HAIL_EXP_AREA,1
NRI_VER,1
HAIL_HLRA,1
ISTM_ALRP,1
ISTM_HLRP,1
RFLD_EALT,1
WNTW_EXPP,1
CFLD_EALR,1
LTNG_EALR,1
ERQK_EXPT,1
ERQK_ALRB,1
ERQK_EXPB,1
HRCN_EXPP,1
HAIL_EXPB,1
WNTW_HLRA,1
BUILDVALUE,1
WNTW_ALRB,1
VLCN_EXP_AREA,1
LTNG_EXPT,1
CFLD_ALRP,1
DRGT_EALS,1
ISTM_AFREQ,1
HRCN_EXP_AREA,1
LNDS_HLRR,1
HWAV_EXPT,1
ISTM_EALS,1
HAIL_ALRA,1
LTNG_EALB,1
TSUN_HLRB,1
ERQK_EXP_AREA,1
WNTW_ALRP,1
VLCN_EXPP,1
ISTM_HLRB,1
CFLD_EALT,1
WFIR_EALA,1
WNTW_AFREQ,1
ISTM_HLRR,1
WFIR_EVNTS,1
CWAV_EALP,1
LTNG_EALT,1
RFLD_HLRR,1
WNTW_EALP,1
HWAV_EXPA,1
SWND_EXPP,1
WFIR_HLRP,1
COUNTYTYPE,1
ERQK_ALR_NPCTL,1
LTNG_ALRB,1
LNDS_EXPT,1
AVLN_EXPB,1
AVLN_RISKS,1
HRCN_EALS,1
ALR_VALA,1
TSUN_EXPT,1
WFIR_EXPT,1
TRND_EALT,1
VLCN_EALR,1
TRND_EXPB,1
LNDS_EALR,1
TSUN_EXPPE,1
WFIR_HLRA,1
HAIL_ALRP,1
ISTM_ALRB,1
SWND_RISKR,1
WFIR_EALT,1
HRCN_EVNTS,1
HRCN_ALR_NPCTL,1
RFLD_HLRB,1
CFLD_EXP_AREA,1
AVLN_EVNTS,1
LNDS_EALS,1
LTNG_EALPE,1
VLCN_RISKS,1
WFIR_AFREQ,1
HRCN_EALT,1
TRND_EXP_AREA,1
RFLD_RISKV,1
ERQK_EALS,1
LNDS_EXPB,1
TRND_EALA,1
ISTM_EXPB,1
WFIR_EALP,1
TRND_HLRB,1
ERQK_EALB,1
RFLD_RISKS,1
HAIL_HLRB,1
HWAV_EVNTS,1
LNDS_AFREQ,1
CFLD_EXPB,1
SWND_EXPA,1
RESL_SPCTL,1
HWAV_RISKV,1
AVLN_ALRP,1
HRCN_HLRA,1
HWAV_EXPP,1
WNTW_EALS,1
SWND_EALR,1
CWAV_HLRA,1
VLCN_AFREQ,1
AVLN_EALPE,1
LNDS_RISKS,1
TSUN_EALB,1
ERQK_ALRP,1
RISK_SPCTL,1
CWAV_ALRP,1
TSUN_EXP_AREA,1
HRCN_EALP,1
HWAV_HLRA,1
AVLN_EXPT,1
CFLD_AFREQ,1
DRGT_ALRA,1
WNTW_EXPA,1
VLCN_EALS,1
CFLD_HLRP,1
HWAV_HLRP,1
ISTM_EXPP,1
VLCN_EALT,1
RFLD_EALPE,1
HWAV_EALB,1
HWAV_ALRA,1
LNDS_EXP_AREA,1
LNDS_RISKR,1
RFLD_EXPPE,1
CWAV_EALR,1
CFLD_EXPPE,1
CFLD_EXPP,1
CWAV_EALT,1
WNTW_HLRR,1
WFIR_HLRR,1
VLCN_EALPE,1
LNDS_EXPP,1
RISK_VALUE,1
CFLD_EALS,1
TRND_EALS,1
SWND_EALP,1
WNTW_RISKV,1
ERQK_AFREQ,1
TRND_EXPP,1
ERQK_EALR,1
LTNG_ALRP,1
TSUN_EALP,1
LNDS_EXPPE,1
CWAV_EXPA,1
WNTW_EALR,1
CWAV_HLRB,1
HWAV_RISKR,1
WNTW_EVNTS,1
ISTM_RISKV,1
LTNG_HLRP,1
ERQK_HLRP,1
DRGT_EXPA,1
WNTW_EALA,1
AVLN_HLRB,1
HWAV_EXPB,1
SWND_EALT,1
AVLN_HLRP,1
HAIL_RISKS,1
DRGT_RISKS,1
SWND_EVNTS,1
WNTW_EXPPE,1
TSUN_RISKS,1
WFIR_EXPB,1
CFLD_ALR_NPCTL,1
ISTM_EALT,1
RFLD_EALR,1
SWND_HLRA,1
HRCN_RISKV,1
LNDS_EVNTS,1
RFLD_EVNTS,1
WNTW_EXPT,1
TRND_EALP,1
VLCN_RISKR,1
TRND_RISKR,1
ISTM_EALB,1
VLCN_HLRR,1
CFLD_EXPT,1
AVLN_EXPPE,1
CWAV_RISKR,1
SWND_EALB,1
WFIR_ALRA,1
ISTM_EXPPE,1
SWND_AFREQ,1
CWAV_AFREQ,1
ERQK_EALPE,1
CFLD_HLRB,1
HRCN_RISKR,1
TSUN_EALT,1
CWAV_EALS,1
WFIR_EXPA,1
HAIL_EALB,1
ERQK_RISKS,1
SWND_EALA,1
HAIL_EALPE,1
EAL_RATNG,1
CWAV_EALB,1
SQ_MILES,1
SHAPE_STAr,1
SHAPE_STLe,1
Tests,1
AvgLat,1
AvgDown,1
AvgUp,1
QuadKey,1
CalYear,1
CalQuarter,1
Devices,1
siteOperationalStatus,1
sdsId,1
mediaId,1
featureName,1
siteReportingComponent,1
isCui,1
countryName,1
featureDescription,1
stateNameCode,1
isJointBase,1
siteName,1
isFirrmaSite,1
mirtaLocationsIdpk,1
ObjectID_1,1
Route_number,1
City1,1
Supervisor_Area,1
Highway_type_num,1
headingDegree,1
trainNum,1
stations,1
objectID,1
destName,1
lastValTS,1
eventCode,1
statusMsg,1
routeName,1
destTZ,1
lon,1
OBJECTID0,1
provider,1
origName,1
destCode,1
origCode,1
trainState,1
lat,1
trainID,1
velocity,1
updatedAt,1
createdAt,1
originTZ,1
heading,1
eventTZ,1
eventName,1
stop_name,2
stop_lon,1
stop_code,2
stop_lat,1
stop_timezone,2
location_type,2
wheelchair_boarding,2
download_date,1
ntd_id,1
level_id,1
stop_id,2
platform_code,2
zone_id,2
stop_url,2
parent_station,2
stop_desc,2
INDRATE,1
Status_id,1
GIS_contac,1
COMPTYPE,1
COMRATE,1
SALECUST,1
WHREV,1
RESRATE,1
INDMWH,1
COMPABRV,1
COMPNAME,1
AREASQKM,2
OTHMWH,1
RESMWH,1
YEAR,1
RESCUST,1
PHONE,1
HOLDINGCO,1
INDREV,1
WHCUST,1
RESREV,1
OTHREV,1
COMCUST,1
COMPID,1
COMMWH,1
COMREV,1
AREASQMI,1
ServiceAre,1
GIS_cont_1,1
WHMWH,1
SALEMWH,1
OTHCUST,1
WHRATE,1
SALERATE,1
ZIP,3
CLRCODE,1
HOLDINGID,1
INDCUST,1
OTHRATE,1
Shape_Area,1
SALEREV,1
Highway1,1
DIRECTION,1
Route_Desi,1
BeginRefPo,1
VehDesc_1,1
NM_Type,1
SchoolZone,1
Intrsct_ID,1
Road_Pos,1
CntrbAct_1,1
Severity,1
Num_UnInj,1
NM_CntFact,1
Yr5FatCrsh,1
VehFled_1,1
CUID,1
Const_Zone,1
CntrFact_1,1
Num_Fat,1
CntrbAct_2,1
TotalCrash,1
Date_Time,1
Crash_Type,1
Road_Cond,1
Yr2TotCrsh,1
TotVehicle,1
NM_LocDesc,1
DriveSex_1,1
Location_2,1
DriveSex_2,1
Yr2FatCrsh,1
Road_Curve,1
NetLink_ID,2
Crash_ID,1
FatCrshPct,1
RTE_System,1
Yr3TotCrsh,1
Yr4TotCrsh,1
DriveImp_2,1
Weather,1
VehMove_2,1
Num_MinInj,1
Yr3FatCrsh,1
VehFled_2,1
Day,1
Int_Desc,1
Rel_Loc,1
DriveAge_2,1
NM_Age,1
Yr5TotCrsh,1
Road_Desc,1
DriveAge_1,1
VehDir_1,1
Yr1FatCrsh,1
Crash_Time,1
Lighting,1
VehMove_1,1
NM_Sex,1
NM_Impair,1
TotFatCrsh,1
Num_SerInj,1
Yr4FatCrsh,1
RouteCL_ID,3
DriveImp_1,1
VehDesc_2,1
Num_Cmplnt,1
VehDir_2,1
Location_1,1
NM_Action,1
Yr1TotCrsh,1
CntrFact_2,1
Crash_Date,1
quads375_6,1
naip_3_138,1
MY,1
resolution,1
Band,1
LONG,1
ArcKey,1
USGSID,1
GNIS,1
naip_3_133,1
QKEY_1,1
MX,1
RES,1
LAYER,1
quads375_S,1
naip_3_131,1
QUADRANT,1
quads375_3,1
naip_3_134,1
DX,1
gid,2
DY,1
Res,1
FileName,1
QQNAME,1
quads375_2,1
File_,1
VerDate,1
quads375_D,1
Qdrnt,1
path,1
QKEY,1
quads375_O,1
quads375_G,1
location,1
SrcImgDate,1
DESCRIPTIO,1
quads375_7,1
QUAD,1
UTM,1
photo_date,1
quads375_Q,1
quads375_8,1
Cell,1
naip_3_137,1
quads375_4,1
BAND,1
naip_3_136,1
APFONAME,1
area,1
filename,1
ST,1
OLONG,1
quads375_5,1
info_,1
SY,1
naip_3_132,1
naip_3_135,1
storage,1
quads375_1,1
quads375_M,1
quads375_P,1
SX,1
OLAT,1
project,1
quads375_A,1
FILENAME,1
tile,1
naip_3_13_,1
CNSTRCTN_DT,1
DATA_STATUS,1
LINE_NM,1
VERI_DATE,1
TECH_DESCRIPTION,1
TRACK_STATUS,1
OPS_START,1
LINE_ID,1
COMPASS_NO,1
CNSTRCTN_CO,1
HIST_SIG,1
ACCURACY,1
EXIS_COND,1
TECH_GAUGE,1
TECH_ELEC,1
VERI_HIST,1
OPS_END,1
Photo1,1
OTHER_NOTE,1
Photo2,1
SEG_ID,1
OPERATING_CO,1
TECH_CBL,1
TECH_HORSE,1
Escort_Requirements_Length_85,1
Escort_Requirements_Length115,1
Escort_Length_Stitched,1
Notes,1
Pilot_Escort_Requirements_C,1
Pilot_Escort_Requirements_A,1
Maximum_LengthRequirement,1
Pilot_Escort_Requirements_B,1
HIghway_Type_and_Number,1
Pilot_Escort_Requirements_D,1
Pilot_Escort_Requirements_E,1
Escort_Requirements_Length110,1
ESCORT_WIDTH_COLOR,1
NG_PSI,1
EV_Network_Web,1
Access_Detail_Code,1
EV_Connector_Types,1
Owner_Type_Code,1
Date_Last_Confirmed,1
E85_Blender_Pump,1
E85_Other_Ethanol_Blends,1
Federal_Agency_Name,1
EV_Level2_EVSE_Num,1
CNG_Fill_Type_Code,1
CNG_On_Site_Renewable_Source,1
EV_Pricing,1
EV_On_Site_Renewable_Source,1
CNG_PSI,1
Hydrogen_Status_Link,1
Groups_With_Access_Code,1
Intersection_Directions__French,1
Intersection_Directions,1
Hydrogen_Is_Retail,1
Cards_Accepted,1
Station_Phone,1
EV_DC_Fast_Count,1
Geocode_Status,1
NG_Vehicle_Class,1
BD_Blends__French_,1
Access_Code,1
CNG_Storage_Capacity,1
CNG_Dispenser_Num,1
LNG_On_Site_Renewable_Source,1
LNG_Vehicle_Class,1
Hydrogen_Standards,1
Groups_With_Access_Code__French,1
NG_Fill_Type_Code,1
Expected_Date,1
LPG_Nozzle_Types,1
EV_Level1_EVSE_Num,1
Open_Date,1
Hydrogen_Pressures,1
LPG_Primary,1
CNG_Total_Compression_Capacity,1
NEVICompliant,1
Restricted_Access,1
Status_Code,1
EV_Other_Info,1
Federal_Agency_ID,1
Plus4,1
CNG_Vehicle_Class,1
Federal_Agency_Code,1
Country,1
BD_Blends,1
Station_Name,1
Updated_At,1
Access_Days_Time__French_,1
Fuel_Type_Code,1
Access_Days_Time,1
EV_Pricing__French_,1
EV_Network,1
county,1
rec_num,1
descr,1
cl_re_date,1
notes,1
ord_num,1
IncidentName,1
UniqueFireIdentifier,1
POOState,1
PolygonDateTime,1
CurrentDateAge,1
IncidentManagementOrganization,1
CreateDate,1
LocalIncidentID,1
FireDiscoveryAge,1
ModifiedOnAge,1
ComplexID,1
FireDiscoveryDateTime,1
PercentContained,1
FireMgmtComplexity,1
ModifiedOnDateTime,1
GISAcres,1
DateCurrent,1
OtherStructuresDestroyed,1
PredominantFuelGroup,1
IncidentTypeKind,1
CreateDateAge,1
PrimaryFuelModel,1
IMTName,1
IRWINID,1
Fatalities,1
PredominantFuelModel,1
CalculatedAcres,1
POOCounty,1
GACC,1
ControlDateTime,1
FireCauseGeneral,1
FeatureCategory,1
ICS209ReportDateTime,1
Injuries,1
GeometryID,1
UnitID,1
IsValid,1
DiscoveryAcres,1
IrwinID,1
ComplexName,1
DailyAcres,1
FireOutDateTime,1
FireCause,1
TotalIncidentPersonnel,1
ContainmentDateTime,1
ResidencesDestroyed,1
FinalAcres,1
MapMethod,1
IncidentTypeCategory,1
NHS_Cat,1
FClasOwner,1
Geo_Source,1
In_MPO,1
Length_mi,1
Frght_Corr,1
CMP_ComEmp,1
FClassFed,1
CMP_Cngstn,1
Owner,1
Alt_Name,1
Route_Name,1
In_County,1
From_Desc,1
CMPmltimdl,1
FHWA_Urban,1
STRAHNET,1
SymbolClass,1
Geo_Edit,1
To_Desc,1
RtOpStatus,1
InTrvlModel,1
Population_Served,1
Close_,1
Address,1
Jurisdiction,1
Status,2
Open_,1
Public_Information,1
Managing_Entity,1
CDFIPS,1
RegionLinkSpan,1
RegionLink,1
RegionName,1
FromNode,1
TotDASqKM,1
QC_06,1
SOURCEFC,1
AreaSqKM,1
RtnDiv,1
VC_07,1
QC_04,1
VE_05,1
StartFlag,1
QE_01,1
FromMeas,1
VC_08,1
VC_10,1
DnDrainCou,1
MINELEVRAW,1
MINELEVSMO,1
QC_09,1
VC_05,1
QC_03,1
TOTMA,1
QE_04,1
GridCode,1
Tidal,1
QE_05,1
QE_11,1
VC_09,1
PopupTitle,1
DnMinorHyd,1
StreamOrde,1
Pathlength,1
QE_10,1
SINKID,1
VA_03,1
VA_01,1
SurfArea,1
VC_12,1
Catchment,1
VE_07,1
REACHCODE,1
LakeArea,1
VC_01,1
QA_05,1
FCODEDesc,1
ELEVATION,1
QA_01,1
VC_02,1
COMID,1
QE_MA,1
QE_03,1
InRPU,1
VC_04,1
GNIS_ID,2
QA_02,1
VE_04,1
VC_06,1
ToMeas,1
VC_11,1
VE_11,1
ArbolateSu,1
QA_04,1
VE_01,1
QA_09,1
ToNode,1
QA_12,1
QC_01,1
VA_04,1
VE_10,1
VA_09,1
VA_10,1
VC_MA,1
VE_MA,1
PopupSubtitle,1
Esri_Symbology,1
MaxDepth,1
FTYPE,2
HWTYPE,1
QA_06,1
QA_10,1
PURPDESC,1
SLOPELENKM,1
VE_12,1
QC_12,1
WBAREACOMI,1
GNIS_NAME,1
QC_05,1
DnHydroseq,1
QE_08,1
LakeFract,1
VA_05,1
Burn,1
QC_07,1
VA_12,1
TerminalFl,1
QC_11,1
MAXELEVRAW,1
QE_06,1
QA_MA,1
DnLevel,1
QE_09,1
QE_12,1
UpHydroseq,1
VC_03,1
MAXELEVSMO,1
FEATUREID,1
VA_MA,1
HWNodeSqKM,1
PURPCODE,1
QC_02,1
ONOFFNET,1
MeanDepth,1
SLOPE,1
TerminalPa,1
RAreaHLoad,1
LENGTHKM,1
QE_02,1
VE_09,1
QC_MA,1
QA_11,1
QA_07,1
DivDASqKM,1
Divergence,1
QC_08,1
FDATE,1
LevelPathI,1
QA_03,1
VA_11,1
StreamCalc,1
VA_08,1
VA_07,1
VE_08,1
LakeVolume,1
Resolution,1
VE_03,1
FCODE,2
QC_10,1
ELEVFIXED,1
QA_08,1
Hydroseq,1
StreamLeve,1
DnLevelPat,1
VE_06,1
VA_06,1
VE_02,1
QE_07,1
VA_02,1
UpLevelPat,1
UniPop2020,1
TotPop2020,1
UniPopPct,1
GEOID20,1
UniPop2010,1
MuniPopPct,1
MunPop2010,1
MuniPopChg,1
UniPopChg,1
TotPopPct,1
TotPopChng,1
TotPop2010,1
MunPop2020,1
LSY,1
SLDU,1
LDTYP,1
Site_Listing_Narrative,1
Site_Score,1
Deletion_Date,1
Creator,1
Final_FR_Notice,1
CreationDate,1
Region_ID,1
SEMS_ID,1
Restoration_FR_Notice_Jumper_Pa,1
Site_EPA_ID,1
Proposed_FR_Notice,1
Deletion_FR_Notice,1
Site_Progress_Profile,1
NOID_Date,1
EditDate,1
Proposed_Date,1
NOID_FR_Notice,1
Site_has_had_a_Partial_Deletion,1
ObjectId2,1
Construction_Completion_Date,1
Editor,1
Listing_Date,1
Site_Name,1
Notice_of_Data_Availability,1
Construction_Completion_Number,1
SITS_ID,1
Not_NHS,1
NUMBER,1
Len_miles,1
LPG_ROUND,1
HY,1
ALT_NAME_2,1
LNG,1
ELECTRICVE,1
NEVI,1
ALT_NAME_1,1
HYDROGEN,1
LPG,1
LNG_ROUND,1
AFC_NUMBER,1
ROADTYPE,1
EV_ROUND,1
CNG,1
EV,1
PRIMARY_NA,1
PROPANE,1
CCSTYLE,1
ALTFUEL_RO,1
HY_ROUND,1
LIQNATURAL,1
LOCAL_NAME,1
CNG_ROUND,1
COMNATURAL,1
first_city,1
NAMEUC,1
Shape__Length_2,1
FID_munili,1
NAMELC,1
id,1
Shape__Area_2,1
grid_code,1
state,1
FIPS_COUNT,1
PHYSICAL_U,1
PERIOD,1
REFUSE,1
MINE_COUNT,1
PRODUCTION,1
MINE_NAME,1
MSHA_ID,1
MINE_TYPE,1
MINE_STATE,1
P0010015,1
P0040009,1
SUBMCDNS,1
AITS,1
P0010034,1
P0010010,1
P0040060,1
P0030055,1
P0030059,1
P0020016,1
CNECTA,1
P0020061,1
P0030018,1
P0020005,1
P0030009,1
P0040052,1
P0030001,1
P0040030,1
P0040005,1
P0040012,1
SUBMCDCC,1
P0020019,1
P0010032,1
P0050002,1
P0040020,1
P0040044,1
P0040061,1
H0010002,1
P0050008,1
P0020027,1
PCT_P0020011,1
P0010038,1
P0040032,1
P0030046,1
P0040034,1
P0050006,1
VTD,2
P0040058,1
P0030011,1
P0010059,1
P0040015,1
P0010041,1
P0010012,1
P0030040,1
P0010027,1
P0010050,1
P0030032,1
P0040027,1
P0010060,1
P0030039,1
P0020070,1
P0010039,1
P0010035,1
TTRACT,1
P0020051,1
P0050001,1
P0020062,1
COUNTYNS,1
P0040041,1
P0020003,1
P0040026,1
P0040007,1
AITSFP,1
P0040029,1
P0030038,1
P0040022,1
P0010051,1
P0040031,1
P0010070,1
P0030025,1
P0010068,1
P0050007,1
P0010025,1
P0010014,1
P0040017,1
UA,1
P0010040,1
P0040002,1
P0050003,1
P0030027,1
SUBMCD,1
ESTATE,1
P0030019,1
P0040025,1
P0020054,1
P0030057,1
P0030070,1
PCT_P0020007,1
P0040069,1
P0010064,1
P0010071,1
AIANHH,1
P0020011,1
P0010047,1
P0020025,1
P0030028,1
P0030024,1
P0010054,1
PCT_P0030001,1
P0030068,1
P0020071,1
H0010003,1
P0010008,1
P0030045,1
P0010021,1
P0010062,1
AIANHHNS,1
AIANHHCC,1
P0040070,1
P0010048,1
ESTATENS,1
ANRC,1
P0040006,1
PCT_H0010003,1
SDSEC,1
P0030026,1
P0030017,1
P0020055,1
P0040057,1
P0020020,1
P0010022,1
P0030053,1
SDELM,1
UGA,1
P0020042,1
P0020018,1
P0030014,1
P0020046,1
P0030065,1
P0030047,1
P0040064,1
P0050009,1
P0040028,1
P0020023,1
P0020045,1
P0030012,1
P0030044,1
P0040049,1
P0020037,1
P0020050,1
P0020006,1
P0030015,1
P0020047,1
P0030022,1
P0020057,1
P0020044,1
PCT_P0020005,1
P0030043,1
P0040010,1
P0010045,1
P0020043,1
P0020012,1
P0020060,1
P0040011,1
P0010043,1
P0040053,1
P0040068,1
NMEMI,1
P0020059,1
P0030020,1
ANRCNS,1
PCT_H0010002,1
AIHHTLI,1
P0020056,1
P0030037,1
COUNTYCC,1
P0010058,1
P0020028,1
P0020008,1
P0020013,1
P0040073,1
CSA,2
P0040023,1
P0010066,1
P0020067,1
P0010033,1
P0020064,1
P0040033,1
P0020026,1
P0010016,1
P0040040,1
MEMI,1
CONCITCC,1
P0020073,1
PUMA,1
P0020068,1
AREAWATR,1
P0010007,1
P0020069,1
P0010024,1
P0010013,1
P0020048,1
P0040038,1
P0030004,1
P0020038,1
P0010009,1
H0010001,1
P0020009,1
P0040045,1
P0030062,1
P0030066,1
P0010044,1
P0010057,1
P0010063,1
P0030013,1
P0020029,1
P0010006,1
SLDL18,1
P0010037,1
P0020040,1
CD116,1
P0010017,1
P0030033,1
P0010046,1
P0010028,1
P0040003,1
P0040054,1
PARTFLAG,1
CBSA,2
PCT_P0020008,1
PCT_P0020010,1
VTDI,2
P0030005,1
P0020014,1
P0010005,1
P0030036,1
P0040037,1
P0030030,1
P0020033,1
P0020039,1
P0040016,1
P0040021,1
P0040024,1
P0040042,1
PCT_P0020009,1
P0030006,1
SUMLEV,1
P0040063,1
CBSAPCI,1
P0010061,1
P0030052,1
CONCIT,1
P0030050,1
P0010042,1
P0040039,1
P0040046,1
P0030049,1
UATYPE,1
P0010053,1
STATENS,1
P0020072,1
P0020022,1
P0040043,1
P0010029,1
P0040035,1
P0030016,1
P0020032,1
P0010067,1
PCT_P0020002,1
P0020031,1
P0050005,1
P0040013,1
P0040008,1
P0010069,1
P0030035,1
P0020066,1
P0030071,1
P0010030,1
P0040036,1
P0030003,1
P0040019,1
P0030008,1
P0030054,1
P0010004,1
P0010011,1
P0010019,1
P0030064,1
P0040066,1
P0010049,1
P0040072,1
P0040050,1
P0030041,1
P0020010,1
P0030058,1
AITSCC,1
METDIV,1
P0020058,1
P0030029,1
NECTA,2
P0040056,1
AITSNS,1
ZCTA,1
P0020034,1
P0010055,1
P0030048,1
P0040048,1
P0020017,1
CONCITNS,1
NECTADIV,1
P0010056,1
P0040014,1
P0040018,1
P0030042,1
P0020065,1
P0020035,1
P0030002,1
P0010018,1
P0030063,1
P0020024,1
P0040051,1
P0040059,1
P0010036,1
P0040047,1
P0030051,1
P0030031,1
P0030056,1
ANRCCC,1
P0040055,1
P0030067,1
P0050010,1
P0010002,1
P0020052,1
P0010052,1
P0020007,1
P0020004,1
P0040065,1
P0010001,1
State_Name,1
P0030021,1
P0050004,1
P0010031,1
P0030060,1
P0020002,1
P0010065,1
P0030007,1
P0040062,1
P0020030,1
P0020049,1
ESTATECC,1
SLDU18,1
P0020053,1
GCUNI,1
P0040071,1
SDUNI,1
NECTAPCI,1
P0030069,1
P0020036,1
P0020063,1
P0020015,1
TBLKGRP,1
P0020041,1
P0030061,1
P0010003,1
P0010023,1
AIANHHFP,1
P0030010,1
P0010026,1
P0030023,1
P0030034,1
P0040067,1
PCT_P0020006,1
P0010020,1
P0020021,1
P0040004,1
backwall,1
building,1
clubhouse,1
lit,1
courts,1
covered,1
windscreen,1
benches,1
sport,1
operator,1
note,1
website,1
venue,1
phone,1
fence_type,1
seasonal,1
ua_name,1
state_name,1
state_geom_year,1
aiannh_geog_year,1
country_name,1
county_geog_year,1
ua_type_census,1
state_geoid,1
aiannh_geoid,1
ua_geog_year,1
ua_geoid,1
ua_class_fta,1
place_geoid,1
state_usps,1
place_name,1
geoid_county,1
aiannh_name,1
ua_type_fta,1
ua_geog_source,1
place_geog_year,1
tts_stop_name,1
county_name,1
AM_2to3,1
PM_10to11,1
TotalCount,1
AM_11to12,1
AM_3to4,1
PM_2to3,1
AM_12to1,1
AvgDayTot,1
AM_8to9,1
PM_3to4,1
PM_7to8,1
PM_9to10,1
Dir1_Count,1
AM_6to7,1
AM_10to11,1
PM_12to1,1
PM_6to7,1
Count_Yr,1
PM_1to2,1
Loc_Desc,1
Direction1,1
NumCntDays,1
Travel_Dir,1
PM_4to5,1
Count_Date,1
PM_11to12,1
AM_4to5,1
AM_1to2,1
Count_Src,1
Source_ID,1
AM_5to6,1
PM_8to9,1
Direction2,1
AM_7to8,1
PM_5to6,1
AM_9to10,1
Dir2_Count,1
Count_Type,1
DISTRIBUTION_POLICY,1
SOURCE_DATADESC,1
FOOT_ID,1
POINTLOCATIONTYPE,1
ADDRESSBUILDINGNAME,1
SOURCE_FEATUREID,1
SOURCE_ORIGINATOR,1
PERMANENT_IDENTIFIER,1
COMPLEX_ID,1
LOADDATE,1
ISLANDMARK,1
DATA_SECURITY,1
SOURCE_DATASETID,1
ADMINTYPE,1
COUNTYCD,1
TRIBAL,1
INSTSIZE,1
CBSATYPE,1
C21UGPRF,1
LANDGRNT,1
ICLEVEL,1
GENTELE,1
STABBR,1
OBEREG,1
LONGITUD,1
F1SYSNAM,1
COUNTYNM,1
IALIAS,1
C21BASIC,1
INSTCAT,1
HLOFFER,1
CNGDSTCD,1
CHFTITLE,1
SECTOR,1
C21ENPRF,1
CONTROL,1
UNITID,1
F1SYSTYP,1
ADDR,1
C21IPGRD,1
CHFNM,1
HBCU,1
MEDICAL,1
OPENPUBL,1
HOSPITAL,1
C21SZSET,1
INSTNM,1
CLOSEDAT,1
WEBADDR,1
C21IPUG,1
LOCALE,1
